Workbook

Sheet Houston 2017 Summer Workout Log
A1: INPUT | M1: CALCULATED
A2: Date | B2: Workout Type | C2: Course Type | D2: Temp (F) (from Weatherbug) | E2: Heat Index (from Weatherbug) | F2: Humidity (from wunderground) | G2: Weight Before (lbs) | H2: Weight After (lbs) | I2: Weight Loss % | J2: Workout Duration (hrs) | K2: Fluid Intake (oz) | L2: Calories Burned | M2: Calories/hr | N2: Sweat Loss (oz/hr) | O2: Sweat Loss (lb/hr) | P2: Sweat Loss (L/hr) | Q2: Sodium Loss (mg/hr) | R2: Potassium Loss (mg/hr) | S2: Calcium Loss (mg/hr) | T2: Magnesium Loss (mg/hr) | U2: Salt Capsules taken | V2: Powder | W2: Food | X2: Gu | Y2: Result
A3: 41357.448 | B3: Run_Speed | C3: Flat | D3: 67 | F3: 0.51 | G3: 209.6 | H3: 205.6 | I3: =(G3-H3)/G3 -> 0.019083969 | J3: 1 | K3: 0 | L3: 1026 | M3: =L3/J3 -> 1026 | N3: =((G3-H3)*16+K3)/J3 -> 64 | O3: =N3/16 -> 4 | P3: =N3*0.0295735 -> 1.892704 | Q3: =$P3*0.92*1000 -> 1741.2877 | R3: =$P3*0.2*1000 -> 378.5408 | S3: =$P3*15 -> 28.39056 | T3: =$P3/0.1 -> 18.92704
A4: 41453 | B4: Run_LSD | C4: Flat | D4: 88 | E4: 101 | F4: 0.69 | G4: 203.4 | H4: 200 | I4: =(G4-H4)/G4 -> 0.016715831 | J4: 0.75 | K4: 0 | L4: 743 | M4: =L4/J4 -> 990.66667 | N4: =((G4-H4)*16+K4)/J4 -> 72.533333 | O4: =N4/16 -> 4.5333333 | P4: =N4*0.0295735 -> 2.1450645 | Q4: =$P4*0.92*1000 -> 1973.4594 | R4: =$P4*0.2*1000 -> 429.01291 | S4: =$P4*15 -> 32.175968 | T4: =$P4/0.1 -> 21.450645
A5: 41075.271 | B5: Bike_Speed | C5: Flat | D5: 83 | E5: 90 | F5: 0.8 | G5: 203.4 | H5: 201.4 | I5: =(G5-H5)/G5 -> 0.0098328417 | J5: 1.5 | K5: 40.2 | L5: 909 | M5: =L5/J5 -> 606 | N5: =((G5-H5)*16+K5)/J5 -> 48.133333 | O5: =N5/16 -> 3.0083333 | P5: =N5*0.0295735 -> 1.4234711 | Q5: =$P5*0.92*1000 -> 1309.5934 | R5: =$P5*0.2*1000 -> 284.69423 | S5: =$P5*15 -> 21.352067 | T5: =$P5/0.1 -> 14.234711
A6: 41075.729 | B6: Bike_Speed | C6: Flat | D6: 78 | E6: 78 | F6: 0.93 | G6: 204.4 | H6: 200.8 | I6: =(G6-H6)/G6 -> 0.017612524 | J6: 2 | K6: 46 | L6: 1250 | M6: =L6/J6 -> 625 | N6: =((G6-H6)*16+K6)/J6 -> 51.8 | O6: =N6/16 -> 3.2375 | P6: =N6*0.0295735 -> 1.5319073 | Q6: =$P6*0.92*1000 -> 1409.3547 | R6: =$P6*0.2*1000 -> 306.38146 | S6: =$P6*15 -> 22.978609 | T6: =$P6/0.1 -> 15.319073
A7: 41076.625 | B7: Run_LSD | C7: Flat | I7: =(G7-H7)/G7 -> #DIV/0! | M7: =L7/J7 -> #DIV/0! | N7: =((G7-H7)*16+K7)/J7 -> #DIV/0! | O7: =N7/16 -> #DIV/0! | P7: =N7*0.0295735 -> #DIV/0! | Q7: =$P7*0.92*1000 -> #DIV/0! | R7: =$P7*0.2*1000 -> #DIV/0! | S7: =$P7*15 -> #DIV/0! | T7: =$P7/0.1 -> #DIV/0!
A8: 41083.521 | B8: 2hr LSD z2 Bike + 2mi run | C8: Flat | I8: =(G8-H8)/G8 -> #DIV/0! | M8: =L8/J8 -> #DIV/0! | N8: =((G8-H8)*16+K8)/J8 -> #DIV/0! | O8: =N8/16 -> #DIV/0! | P8: =N8*0.0295735 -> #DIV/0! | Q8: =$P8*0.92*1000 -> #DIV/0! | R8: =$P8*0.2*1000 -> #DIV/0! | S8: =$P8*15 -> #DIV/0! | T8: =$P8/0.1 -> #DIV/0!
A9: 41089.708 | B9: Run_Brick | C9: Flat | I9: =(G9-H9)/G9 -> #DIV/0! | M9: =L9/J9 -> #DIV/0! | N9: =((G9-H9)*16+K9)/J9 -> #DIV/0! | O9: =N9/16 -> #DIV/0! | P9: =N9*0.0295735 -> #DIV/0! | Q9: =$P9*0.92*1000 -> #DIV/0! | R9: =$P9*0.2*1000 -> #DIV/0! | S9: =$P9*15 -> #DIV/0! | T9: =$P9/0.1 -> #DIV/0!
A10: 41094.872 | B10: Run_Speed | C10: Flat | I10: =(G10-H10)/G10 -> #DIV/0! | M10: =L10/J10 -> #DIV/0! | N10: =((G10-H10)*16+K10)/J10 -> #DIV/0! | O10: =N10/16 -> #DIV/0! | P10: =N10*0.0295735 -> #DIV/0! | Q10: =$P10*0.92*1000 -> #DIV/0! | R10: =$P10*0.2*1000 -> #DIV/0! | S10: =$P10*15 -> #DIV/0! | T10: =$P10/0.1 -> #DIV/0!
A11: 41098.344 | B11: Run_LSD | C11: Flat | I11: =(G11-H11)/G11 -> #DIV/0! | M11: =L11/J11 -> #DIV/0! | N11: =((G11-H11)*16+K11)/J11 -> #DIV/0! | O11: =N11/16 -> #DIV/0! | P11: =N11*0.0295735 -> #DIV/0! | Q11: =$P11*0.92*1000 -> #DIV/0! | R11: =$P11*0.2*1000 -> #DIV/0! | S11: =$P11*15 -> #DIV/0! | T11: =$P11/0.1 -> #DIV/0!
A12: 41102.681 | B12: Bike_Speed | C12: Flat | I12: =(G12-H12)/G12 -> #DIV/0! | M12: =L12/J12 -> #DIV/0! | N12: =((G12-H12)*16+K12)/J12 -> #DIV/0! | O12: =N12/16 -> #DIV/0! | P12: =N12*0.0295735 -> #DIV/0! | Q12: =$P12*0.92*1000 -> #DIV/0! | R12: =$P12*0.2*1000 -> #DIV/0! | S12: =$P12*15 -> #DIV/0! | T12: =$P12/0.1 -> #DIV/0!
A13: 41104.771 | B13: Bike_Recovery | C13: Flat | I13: =(G13-H13)/G13 -> #DIV/0! | M13: =L13/J13 -> #DIV/0! | N13: =((G13-H13)*16+K13)/J13 -> #DIV/0! | O13: =N13/16 -> #DIV/0! | P13: =N13*0.0295735 -> #DIV/0! | Q13: =$P13*0.92*1000 -> #DIV/0! | R13: =$P13*0.2*1000 -> #DIV/0! | S13: =$P13*15 -> #DIV/0! | T13: =$P13/0.1 -> #DIV/0!
A14: 41109.708 | B14: Run_Recovery | C14: Flat | I14: =(G14-H14)/G14 -> #DIV/0! | M14: =L14/J14 -> #DIV/0! | N14: =((G14-H14)*16+K14)/J14 -> #DIV/0! | O14: =N14/16 -> #DIV/0! | P14: =N14*0.0295735 -> #DIV/0! | Q14: =$P14*0.92*1000 -> #DIV/0! | R14: =$P14*0.2*1000 -> #DIV/0! | S14: =$P14*15 -> #DIV/0! | T14: =$P14/0.1 -> #DIV/0!
A15: 41109.562 | B15: Bike_Speed | C15: Flat | D15: 98.4 | E15: 106 | F15: 0.4 | G15: 162.8 | H15: 160.6 | I15: =(G15-H15)/G15 -> 0.013513514 | J15: 1 | K15: 24 | N15: =((G15-H15)*16+K15)/J15 -> 59.2 | O15: =N15/16 -> 3.7 | P15: =N15*0.0295735 -> 1.7507512 | Q15: =$P15*0.92*1000 -> 1610.6911 | R15: =$P15*0.2*1000 -> 350.15024 | S15: =$P15*15 -> 26.261268 | T15: =$P15/0.1 -> 17.507512
A16: 41111.708 | B16: Bike_Brick | C16: Flat | D16: 92.7 | E16: 108 | F16: 0.62 | G16: 164 | H16: 161.8 | I16: =(G16-H16)/G16 -> 0.013414634 | J16: 1.35 | K16: 58 | L16: 1010 | M16: =L16/J16 -> 748.14815 | N16: =((G16-H16)*16+K16)/J16 -> 69.037037 | O16: =N16/16 -> 4.3148148 | P16: =N16*0.0295735 -> 2.0416668 | Q16: =$P16*0.92*1000 -> 1878.3335 | R16: =$P16*0.2*1000 -> 408.33336 | S16: =$P16*15 -> 30.625002 | T16: =$P16/0.1 -> 20.416668
A17: 41111.708 | B17: Run_Brick | C17: Flat | D17: 90 | E17: 100 | F17: 0.6 | G17: 161.8 | H17: 158.7 | I17: =(G17-H17)/G17 -> 0.019159456 | J17: 1 | K17: 24 | L17: 645 | M17: =L17/J17 -> 645 | N17: =((G17-H17)*16+K17)/J17 -> 73.6 | O17: =N17/16 -> 4.6 | P17: =N17*0.0295735 -> 2.1766096 | Q17: =$P17*0.92*1000 -> 2002.4808 | R17: =$P17*0.2*1000 -> 435.32192 | S17: =$P17*15 -> 32.649144 | T17: =$P17/0.1 -> 21.766096
A18: 41117.667 | B18: Run_Recovery | C18: Flat | D18: 82 | E18: 89 | F18: 0.82 | G18: 159.7 | H18: 155 | I18: =(G18-H18)/G18 -> 0.029430182 | J18: 1.15 | K18: 0 | L18: 828 | M18: =L18/J18 -> 720 | N18: =((G18-H18)*16+K18)/J18 -> 65.391304 | O18: =N18/16 -> 4.0869565 | P18: =N18*0.0295735 -> 1.9338497 | Q18: =$P18*0.92*1000 -> 1779.1418 | R18: =$P18*0.2*1000 -> 386.76995 | S18: =$P18*15 -> 29.007746 | T18: =$P18/0.1 -> 19.338497
A19: 41119.292 | B19: Bike_Brick | C19: Flat | D19: 86 | E19: 96 | F19: 0.82 | G19: 161.2 | H19: 160.4 | I19: =(G19-H19)/G19 -> 0.0049627792 | J19: 3.05 | K19: =5*24 -> 120 | L19: 1592 | M19: =L19/J19 -> 521.96721 | N19: =((G19-H19)*16+K19)/J19 -> 43.540984 | O19: =N19/16 -> 2.7213115 | P19: =N19*0.0295735 -> 1.2876593 | Q19: =$P19*0.92*1000 -> 1184.6465 | R19: =$P19*0.2*1000 -> 257.53186 | S19: =$P19*15 -> 19.314889 | T19: =$P19/0.1 -> 12.876593
A20: 41122.771 | B20: Bike_Speed | C20: Flat | D20: 93.2 | E20: 106 | F20: 0.57 | G20: 160.3 | H20: 158.7 | I20: =(G20-H20)/G20 -> 0.0099812851 | J20: 1.1 | K20: 30 | L20: 686 | M20: =L20/J20 -> 623.63636 | N20: =((G20-H20)*16+K20)/J20 -> 50.545455 | O20: =N20/16 -> 3.1590909 | P20: =N20*0.0295735 -> 1.494806 | Q20: =$P20*0.92*1000 -> 1375.2215 | R20: =$P20*0.2*1000 -> 298.9612 | S20: =$P20*15 -> 22.42209 | T20: =$P20/0.1 -> 14.94806
A21: 41125.646 | B21: Bike_Brick | C21: Flat | D21: 94.8 | E21: 108 | F21: 0.55 | G21: 161.8 | H21: 161.5 | I21: =(G21-H21)/G21 -> 0.0018541409 | J21: 0.35 | K21: 24 | L21: 365 | M21: =L21/J21 -> 1042.8571 | N21: =((G21-H21)*16+K21)/J21 -> 82.285714 | O21: =N21/16 -> 5.1428571 | P21: =N21*0.0295735 -> 2.4334766 | Q21: =$P21*0.92*1000 -> 2238.7984 | R21: =$P21*0.2*1000 -> 486.69531 | S21: =$P21*15 -> 36.502149 | T21: =$P21/0.1 -> 24.334766
A22: 41125.688 | B22: Run_Brick | C22: Flat | D22: 96.3 | E22: 111 | F22: 0.53 | G22: 161.5 | H22: 158 | I22: =(G22-H22)/G22 -> 0.021671827 | J22: 0.7 | K22: 0 | L22: 482 | M22: =L22/J22 -> 688.57143 | N22: =((G22-H22)*16+K22)/J22 -> 80 | O22: =N22/16 -> 5 | P22: =N22*0.0295735 -> 2.36588 | Q22: =$P22*0.92*1000 -> 2176.6096 | R22: =$P22*0.2*1000 -> 473.176 | S22: =$P22*15 -> 35.4882 | T22: =$P22/0.1 -> 23.6588
A23: 41126.271 | B23: Bike_LSD | C23: Flat | D23: 95 | E23: 108 | F23: 0.52 | G23: 164.1 | H23: 163.8 | I23: =(G23-H23)/G23 -> 0.0018281536 | J23: 3.75 | K23: =6*24+12 -> 156 | L23: 1857 | M23: =L23/J23 -> 495.2 | N23: =((G23-H23)*16+K23)/J23 -> 42.88 | O23: =N23/16 -> 2.68 | P23: =N23*0.0295735 -> 1.2681117 | Q23: =$P23*0.92*1000 -> 1166.6627 | R23: =$P23*0.2*1000 -> 253.62234 | S23: =$P23*15 -> 19.021675 | T23: =$P23/0.1 -> 12.681117
A24: 41127.354 | B24: Run_LSD | C24: Flat | D24: 86 | E24: 96 | F24: 0.85 | G24: 164.4 | H24: 159.5 | I24: =(G24-H24)/G24 -> 0.029805353 | J24: 1.5 | K24: 36 | L24: 988 | M24: =L24/J24 -> 658.66667 | N24: =((G24-H24)*16+K24)/J24 -> 76.266667 | O24: =N24/16 -> 4.7666667 | P24: =N24*0.0295735 -> 2.2554723 | Q24: =$P24*0.92*1000 -> 2075.0345 | R24: =$P24*0.2*1000 -> 451.09445 | S24: =$P24*15 -> 33.832084 | T24: =$P24/0.1 -> 22.554723
A25: 41133.292 | B25: Bike_LSD | C25: Flat | D25: 89 | E25: 105 | F25: 0.75 | G25: 162.9 | H25: 163.5 | I25: =(G25-H25)/G25 -> -0.0036832413 | J25: 4.1 | K25: =6*24 -> 144 | L25: =1666+694 -> 2360 | M25: =L25/J25 -> 575.60976 | N25: =((G25-H25)*16+K25)/J25 -> 32.780488 | O25: =N25/16 -> 2.0487805 | P25: =N25*0.0295735 -> 0.96943376 | Q25: =$P25*0.92*1000 -> 891.87906 | R25: =$P25*0.2*1000 -> 193.88675 | S25: =$P25*15 -> 14.541506 | T25: =$P25/0.1 -> 9.6943376
A26: 41134.521 | B26: Run_LSD | C26: Flat | D26: 89 | E26: 100 | F26: 0.66 | G26: 163 | H26: 158.5 | I26: =(G26-H26)/G26 -> 0.027607362 | J26: 1.5 | K26: 20 | L26: 1302 | M26: =L26/J26 -> 868 | N26: =((G26-H26)*16+K26)/J26 -> 61.333333 | O26: =N26/16 -> 3.8333333 | P26: =N26*0.0295735 -> 1.8138413 | Q26: =$P26*0.92*1000 -> 1668.734 | R26: =$P26*0.2*1000 -> 362.76827 | S26: =$P26*15 -> 27.20762 | T26: =$P26/0.1 -> 18.138413

Sheet Houston 2017 Summer Workout Sum
A1: Replace | B1: 0.6
B2: Avg Sweat Rate (oz/hr) | C2: Calories/hr | D2: Sodium Loss (mg/hr) | E2: Potassium Loss (mg/hr) | F2: Calcium Loss (mg/hr) | G2: Magnesium Loss (mg/hr)
A3: Bike_Speed | B3: =AVERAGEIF('Houston 2017 Summer Workout Log'!$B3:$B26,$A3,'Houston 2017 Summer Workout Log'!N3:N26) -> #DIV/0! | C3: =AVERAGEIF('Houston 2017 Summer Workout Log'!$B3:$B26,$A3,'Houston 2017 Summer Workout Log'!M3:M26) -> #DIV/0! | D3: =AVERAGEIF('Houston 2017 Summer Workout Log'!$B3:$B26,$A3,'Houston 2017 Summer Workout Log'!Q3:Q26) -> #DIV/0! | E3: =AVERAGEIF('Houston 2017 Summer Workout Log'!$B3:$B26,$A3,'Houston 2017 Summer Workout Log'!R3:R26) -> #DIV/0! | F3: =AVERAGEIF('Houston 2017 Summer Workout Log'!$B3:$B26,$A3,'Houston 2017 Summer Workout Log'!S3:S26) -> #DIV/0! | G3: =AVERAGEIF('Houston 2017 Summer Workout Log'!$B3:$B26,$A3,'Houston 2017 Summer Workout Log'!T3:T26) -> #DIV/0!
A4: Bike_LSD | B4: =AVERAGEIF('Houston 2017 Summer Workout Log'!$B3:$B26,$A4,'Houston 2017 Summer Workout Log'!N3:N26) -> 37.830244 | C4: =AVERAGEIF('Houston 2017 Summer Workout Log'!$B3:$B26,$A4,'Houston 2017 Summer Workout Log'!M3:M26) -> 535.40488 | D4: =AVERAGEIF('Houston 2017 Summer Workout Log'!$B3:$B26,$A4,'Houston 2017 Summer Workout Log'!Q3:Q26) -> 1029.2709 | E4: =AVERAGEIF('Houston 2017 Summer Workout Log'!$B3:$B26,$A4,'Houston 2017 Summer Workout Log'!R3:R26) -> 223.75454 | F4: =AVERAGEIF('Houston 2017 Summer Workout Log'!$B3:$B26,$A4,'Houston 2017 Summer Workout Log'!S3:S26) -> 16.781591 | G4: =AVERAGEIF('Houston 2017 Summer Workout Log'!$B3:$B26,$A4,'Houston 2017 Summer Workout Log'!T3:T26) -> 11.187727
A5: Bike_Brick | B5: =AVERAGEIF('Houston 2017 Summer Workout Log'!$B3:$B26,$A5,'Houston 2017 Summer Workout Log'!N3:N26) -> 64.954578 | C5: =AVERAGEIF('Houston 2017 Summer Workout Log'!$B3:$B26,$A5,'Houston 2017 Summer Workout Log'!M3:M26) -> 770.99083 | D5: =AVERAGEIF('Houston 2017 Summer Workout Log'!$B3:$B26,$A5,'Houston 2017 Summer Workout Log'!Q3:Q26) -> 1767.2595 | E5: =AVERAGEIF('Houston 2017 Summer Workout Log'!$B3:$B26,$A5,'Houston 2017 Summer Workout Log'!R3:R26) -> 384.18684 | F5: =AVERAGEIF('Houston 2017 Summer Workout Log'!$B3:$B26,$A5,'Houston 2017 Summer Workout Log'!S3:S26) -> 28.814013 | G5: =AVERAGEIF('Houston 2017 Summer Workout Log'!$B3:$B26,$A5,'Houston 2017 Summer Workout Log'!T3:T26) -> 19.209342
A6: Run_Speed | B6: =AVERAGEIF('Houston 2017 Summer Workout Log'!$B3:$B26,$A6,'Houston 2017 Summer Workout Log'!N3:N26) -> #DIV/0! | C6: =AVERAGEIF('Houston 2017 Summer Workout Log'!$B3:$B26,$A6,'Houston 2017 Summer Workout Log'!M3:M26) -> #DIV/0! | D6: =AVERAGEIF('Houston 2017 Summer Workout Log'!$B3:$B26,$A6,'Houston 2017 Summer Workout Log'!Q3:Q26) -> #DIV/0! | E6: =AVERAGEIF('Houston 2017 Summer Workout Log'!$B3:$B26,$A6,'Houston 2017 Summer Workout Log'!R3:R26) -> #DIV/0! | F6: =AVERAGEIF('Houston 2017 Summer Workout Log'!$B3:$B26,$A6,'Houston 2017 Summer Workout Log'!S3:S26) -> #DIV/0! | G6: =AVERAGEIF('Houston 2017 Summer Workout Log'!$B3:$B26,$A6,'Houston 2017 Summer Workout Log'!T3:T26) -> #DIV/0!
A7: Run_LSD | B7: =AVERAGEIF('Houston 2017 Summer Workout Log'!$B3:$B26,$A7,'Houston 2017 Summer Workout Log'!N3:N26) -> #DIV/0! | C7: =AVERAGEIF('Houston 2017 Summer Workout Log'!$B3:$B26,$A7,'Houston 2017 Summer Workout Log'!M3:M26) -> #DIV/0! | D7: =AVERAGEIF('Houston 2017 Summer Workout Log'!$B3:$B26,$A7,'Houston 2017 Summer Workout Log'!Q3:Q26) -> #DIV/0! | E7: =AVERAGEIF('Houston 2017 Summer Workout Log'!$B3:$B26,$A7,'Houston 2017 Summer Workout Log'!R3:R26) -> #DIV/0! | F7: =AVERAGEIF('Houston 2017 Summer Workout Log'!$B3:$B26,$A7,'Houston 2017 Summer Workout Log'!S3:S26) -> #DIV/0! | G7: =AVERAGEIF('Houston 2017 Summer Workout Log'!$B3:$B26,$A7,'Houston 2017 Summer Workout Log'!T3:T26) -> #DIV/0!
A8: Run_Brick | B8: =AVERAGEIF('Houston 2017 Summer Workout Log'!$B3:$B26,$A8,'Houston 2017 Summer Workout Log'!N3:N26) -> #DIV/0! | C8: =AVERAGEIF('Houston 2017 Summer Workout Log'!$B3:$B26,$A8,'Houston 2017 Summer Workout Log'!M3:M26) -> #DIV/0! | D8: =AVERAGEIF('Houston 2017 Summer Workout Log'!$B3:$B26,$A8,'Houston 2017 Summer Workout Log'!Q3:Q26) -> #DIV/0! | E8: =AVERAGEIF('Houston 2017 Summer Workout Log'!$B3:$B26,$A8,'Houston 2017 Summer Workout Log'!R3:R26) -> #DIV/0! | F8: =AVERAGEIF('Houston 2017 Summer Workout Log'!$B3:$B26,$A8,'Houston 2017 Summer Workout Log'!S3:S26) -> #DIV/0! | G8: =AVERAGEIF('Houston 2017 Summer Workout Log'!$B3:$B26,$A8,'Houston 2017 Summer Workout Log'!T3:T26) -> #DIV/0!

Sheet Tailwind + Gu + Saltstick
A1: Bike | B1: Tailwind | C1: Salted Caramel Gu | D1: Saltstick | E1: Total | F1: Recommended Intake (Bike_Brick) | G1: Deficiency
A2: #Servings | B2: 3 | C2: 0 | D2: 1
A3: Sodium (mg) | B3: ='Electrolyte Products'!I2*B$2 -> 909 | C3: ='Electrolyte Products'!E2*C$2 -> 0 | D3: ='Electrolyte Products'!C2*D$2 -> 215 | E3: =SUM(B3:D3) -> 1124 | F3: ='Houston 2017 Summer Workout Sum'!D5*'Houston 2017 Summer Workout Sum'!B1 -> 1060.3557 | G3: =F3-E3 -> -63.64431
A4: Potassium (mg) | B4: ='Electrolyte Products'!I3*B$2 -> 264 | C4: ='Electrolyte Products'!E3*C$2 -> 0 | D4: ='Electrolyte Products'!C3*D$2 -> 63 | E4: =SUM(B4:D4) -> 327 | F4: ='Houston 2017 Summer Workout Sum'!E5*'Houston 2017 Summer Workout Sum'!$B$1 -> 230.51211 | G4: =F4-E4 -> -96.487893
A5: Calcium (mg) | B5: ='Electrolyte Products'!I4*B$2 -> 78 | C5: ='Electrolyte Products'!E4*C$2 -> 0 | D5: ='Electrolyte Products'!C4*D$2 -> 22 | E5: =SUM(B5:D5) -> 100 | F5: ='Houston 2017 Summer Workout Sum'!F5*'Houston 2017 Summer Workout Sum'!$B$1 -> 17.288408 | G5: =F5-E5 -> -82.711592
A6: Magnesium (mg) | B6: ='Electrolyte Products'!I5*B$2 -> 42 | C6: ='Electrolyte Products'!E5*C$2 -> 0 | D6: ='Electrolyte Products'!C5*D$2 -> 11 | E6: =SUM(B6:D6) -> 53 | F6: ='Houston 2017 Summer Workout Sum'!G5*'Houston 2017 Summer Workout Sum'!$B$1 -> 11.525605 | G6: =F6-E6 -> -41.474395
A7: Calories (g) | B7: ='Electrolyte Products'!I6*B$2 -> 300 | C7: ='Electrolyte Products'!E6*C$2 -> 0 | D7: ='Electrolyte Products'!C6*D$2 -> 0 | E7: =SUM(B7:D7) -> 300 | F7: ='Houston 2017 Summer Workout Sum'!C5*0.2 -> 154.19817 | G7: =F7-E7 -> -145.80183
A8: Carbs | B8: ='Electrolyte Products'!I7*B$2 -> 75 | C8: ='Electrolyte Products'!E7*C$2 -> 0 | D8: ='Electrolyte Products'!C7*D$2 -> 0 | E8: =SUM(B8:D8) -> 75 | F8: ='Houston 2017 Summer Workout Sum'!D10*0.5 -> 0
A9: $ | B9: =B2*'Electrolyte Products'!$I$10 -> 2.64 | C9: =C2*'Electrolyte Products'!$E$10 -> 0 | D9: =D2*'Electrolyte Products'!$C$10 -> 0.3 | E9: =SUM(B9:D9) -> 2.94
A11: Run | B11: Tailwind | C11: Salted Caramel Gu | D11: Saltstick | E11: Total | F11: Recommended Intake (Run_Brick) | G11: Deficiency
A12: #Servings | B12: 2 | C12: 1 | D12: 3
A13: Sodium (mg) | B13: ='Electrolyte Products'!I2*B$12 -> 606 | C13: ='Electrolyte Products'!E2*C$12 -> 125 | D13: ='Electrolyte Products'!C2*D$12 -> 645 | E13: =SUM(B13:D13) -> 1376 | F13: ='Houston 2017 Summer Workout Sum'!D8*'Houston 2017 Summer Workout Sum'!$B$1 -> #DIV/0! | G13: =F13-E13 -> #DIV/0!
A14: Potassium (mg) | B14: ='Electrolyte Products'!I3*B$12 -> 176 | C14: ='Electrolyte Products'!E3*C$12 -> 40 | D14: ='Electrolyte Products'!C3*D$12 -> 189 | E14: =SUM(B14:D14) -> 405 | F14: ='Houston 2017 Summer Workout Sum'!E8*'Houston 2017 Summer Workout Sum'!$B$1 -> #DIV/0! | G14: =F14-E14 -> #DIV/0!
A15: Calcium (mg) | B15: ='Electrolyte Products'!I4*B$12 -> 52 | C15: ='Electrolyte Products'!E4*C$12 -> 22 | D15: ='Electrolyte Products'!C4*D$12 -> 66 | E15: =SUM(B15:D15) -> 140 | F15: ='Houston 2017 Summer Workout Sum'!F8*'Houston 2017 Summer Workout Sum'!$B$1 -> #DIV/0! | G15: =F15-E15 -> #DIV/0!
A16: Magnesium (mg) | B16: ='Electrolyte Products'!I5*B$12 -> 28 | C16: ='Electrolyte Products'!E5*C$12 -> 0 | D16: ='Electrolyte Products'!C5*D$12 -> 33 | E16: =SUM(B16:D16) -> 61 | F16: ='Houston 2017 Summer Workout Sum'!G8*'Houston 2017 Summer Workout Sum'!$B$1 -> #DIV/0! | G16: =F16-E16 -> #DIV/0!
A17: Calories (g) | B17: ='Electrolyte Products'!I6*B$12 -> 200 | C17: ='Electrolyte Products'!E6*C$12 -> 100 | D17: ='Electrolyte Products'!C6*D$12 -> 0 | E17: =SUM(B17:D17) -> 300 | F17: ='Houston 2017 Summer Workout Sum'!C8*0.2 -> #DIV/0! | G17: =F17-E17 -> #DIV/0!
A18: Carbs | B18: ='Electrolyte Products'!I7*B$12 -> 50 | C18: ='Electrolyte Products'!E7*C$12 -> 0 | D18: ='Electrolyte Products'!C7*D$12 -> 0 | E18: =SUM(B18:D18) -> 50
A19: $ | B19: =B12*'Electrolyte Products'!$I$10 -> 1.76 | C19: =C12*'Electrolyte Products'!$E$10 -> 1.0416667 | D19: =D12*'Electrolyte Products'!$C$10 -> 0.9 | E19: =SUM(B19:D19) -> 3.7016667

Sheet Gat End + Gu + Saltstick
A1: Bike | B1: Gatorade Endurance | C1: Salted Caramel Gu | D1: Saltstick | E1: Total | F1: Recommended Intake (Bike_Brick) | G1: Deficiency
A2: #Servings | B2: 3 | C2: 1 | D2: 1
A3: Sodium (mg) | B3: ='Electrolyte Products'!J2*B$2 -> 870 | C3: ='Electrolyte Products'!E2*C$2 -> 125 | D3: ='Electrolyte Products'!C2*$D$2 -> 215 | E3: =SUM(B3:D3) -> 1210 | F3: ='Houston 2017 Summer Workout Sum'!D5*'Houston 2017 Summer Workout Sum'!$B$1 -> 1060.3557 | G3: =F3-E3 -> -149.64431
A4: Potassium (mg) | B4: ='Electrolyte Products'!J3*B$2 -> 420 | C4: ='Electrolyte Products'!E3*C$2 -> 40 | D4: ='Electrolyte Products'!C3*$D$2 -> 63 | E4: =SUM(B4:D4) -> 523 | F4: ='Houston 2017 Summer Workout Sum'!E5*'Houston 2017 Summer Workout Sum'!$B$1 -> 230.51211 | G4: =F4-E4 -> -292.48789
A5: Calcium (mg) | B5: ='Electrolyte Products'!J4*B$2 -> 60 | C5: ='Electrolyte Products'!E4*C$2 -> 22 | D5: ='Electrolyte Products'!C4*$D$2 -> 22 | E5: =SUM(B5:D5) -> 104 | F5: ='Houston 2017 Summer Workout Sum'!F5*'Houston 2017 Summer Workout Sum'!$B$1 -> 17.288408 | G5: =F5-E5 -> -86.711592
A6: Magnesium (mg) | B6: ='Electrolyte Products'!J5*B$2 -> 0 | C6: ='Electrolyte Products'!E5*C$2 -> 0 | D6: ='Electrolyte Products'!C5*$D$2 -> 11 | E6: =SUM(B6:D6) -> 11 | F6: ='Houston 2017 Summer Workout Sum'!G5*'Houston 2017 Summer Workout Sum'!$B$1 -> 11.525605 | G6: =F6-E6 -> 0.52560533
A7: Calories (g) | B7: ='Electrolyte Products'!J6*B$2 -> 60 | C7: ='Electrolyte Products'!E6*C$2 -> 100 | D7: ='Electrolyte Products'!C6*$D$2 -> 0 | E7: =SUM(B7:D7) -> 160 | F7: ='Houston 2017 Summer Workout Sum'!C5*0.2 -> 154.19817 | G7: =F7-E7 -> -5.8018331
A8: Carbs | B8: ='Electrolyte Products'!J7*B$2 -> 63 | C8: ='Electrolyte Products'!E7*C$2 -> 0 | D8: ='Electrolyte Products'!C7*$D$2 -> 0 | E8: =SUM(B8:D8) -> 63 | F8: ='Houston 2017 Summer Workout Sum'!D10*0.5 -> 0
A9: $ | B9: =B2*'Electrolyte Products'!$J$10 -> 1.5789474 | C9: =C2*'Electrolyte Products'!$E$10 -> 1.0416667 | D9: =D2*'Electrolyte Products'!$C$10 -> 0.3 | E9: =SUM(B9:D9) -> 2.920614
A11: Run | B11: Gatorade Endurance | C11: Salted Caramel Gu | D11: Saltstick | E11: Total | F11: Recommended Intake (Run_Brick) | G11: Deficiency
A12: #Servings | B12: 2 | C12: 1 | D12: 3
A13: Sodium (mg) | B13: ='Electrolyte Products'!J2*B$12 -> 580 | C13: ='Electrolyte Products'!E2*C$12 -> 125 | D13: ='Electrolyte Products'!C2*D$12 -> 645 | E13: =SUM(B13:D13) -> 1350 | F13: ='Houston 2017 Summer Workout Sum'!D8*'Houston 2017 Summer Workout Sum'!$B$1 -> #DIV/0! | G13: =F13-E13 -> #DIV/0!
A14: Potassium (mg) | B14: ='Electrolyte Products'!J3*B$12 -> 280 | C14: ='Electrolyte Products'!E3*C$12 -> 40 | D14: ='Electrolyte Products'!C3*D$12 -> 189 | E14: =SUM(B14:D14) -> 509 | F14: ='Houston 2017 Summer Workout Sum'!E8*'Houston 2017 Summer Workout Sum'!$B$1 -> #DIV/0! | G14: =F14-E14 -> #DIV/0!
A15: Calcium (mg) | B15: ='Electrolyte Products'!J4*B$12 -> 40 | C15: ='Electrolyte Products'!E4*C$12 -> 22 | D15: ='Electrolyte Products'!C4*D$12 -> 66 | E15: =SUM(B15:D15) -> 128 | F15: ='Houston 2017 Summer Workout Sum'!F8*'Houston 2017 Summer Workout Sum'!$B$1 -> #DIV/0! | G15: =F15-E15 -> #DIV/0!
A16: Magnesium (mg) | B16: ='Electrolyte Products'!J5*B$12 -> 0 | C16: ='Electrolyte Products'!E5*C$12 -> 0 | D16: ='Electrolyte Products'!C5*D$12 -> 33 | E16: =SUM(B16:D16) -> 33 | F16: ='Houston 2017 Summer Workout Sum'!G8*'Houston 2017 Summer Workout Sum'!$B$1 -> #DIV/0! | G16: =F16-E16 -> #DIV/0!
A17: Calories (g) | B17: ='Electrolyte Products'!J6*B$12 -> 40 | C17: ='Electrolyte Products'!E6*C$12 -> 100 | D17: ='Electrolyte Products'!C6*D$12 -> 0 | E17: =SUM(B17:D17) -> 140 | F17: ='Houston 2017 Summer Workout Sum'!C8*0.2 -> #DIV/0! | G17: =F17-E17 -> #DIV/0!
A18: Carbs | B18: ='Electrolyte Products'!J7*B$12 -> 42 | C18: ='Electrolyte Products'!E7*C$12 -> 0 | D18: ='Electrolyte Products'!C7*D$12 -> 0 | E18: =SUM(B18:D18) -> 42
A19: $ | B19: =B12*'Electrolyte Products'!$J$10 -> 1.0526316 | C19: =C12*'Electrolyte Products'!$E$10 -> 1.0416667 | D19: =D12*'Electrolyte Products'!$C$10 -> 0.9 | E19: =SUM(B19:D19) -> 2.9942982

Sheet Hammer Perp + Gu + Saltstick
A1: Bike | B1: Hammer Perpetuem | C1: Salted Caramel Gu | D1: Saltstick | E1: Total | F1: Recommended Intake (Bike_Brick) | G1: Deficiency
A2: #Servings | B2: 3 | C2: 0 | D2: 2
A3: Sodium (mg) | B3: ='Electrolyte Products'!L2*B$2 -> 630 | C3: ='Electrolyte Products'!E2*C$2 -> 0 | D3: ='Electrolyte Products'!C2*$D$2 -> 430 | E3: =SUM(B3:D3) -> 1060 | F3: ='Houston 2017 Summer Workout Sum'!D5*'Houston 2017 Summer Workout Sum'!$B$1 -> 1060.3557 | G3: =F3-E3 -> 0.35569035
A4: Potassium (mg) | B4: ='Electrolyte Products'!L3*B$2 -> 0 | C4: ='Electrolyte Products'!E3*C$2 -> 0 | D4: ='Electrolyte Products'!C3*$D$2 -> 126 | E4: =SUM(B4:D4) -> 126 | F4: ='Houston 2017 Summer Workout Sum'!E5*'Houston 2017 Summer Workout Sum'!$B$1 -> 230.51211 | G4: =F4-E4 -> 104.51211
A5: Calcium (mg) | B5: ='Electrolyte Products'!L4*B$2 -> 120 | C5: ='Electrolyte Products'!E4*C$2 -> 0 | D5: ='Electrolyte Products'!C4*$D$2 -> 44 | E5: =SUM(B5:D5) -> 164 | F5: ='Houston 2017 Summer Workout Sum'!F5*'Houston 2017 Summer Workout Sum'!$B$1 -> 17.288408 | G5: =F5-E5 -> -146.71159
A6: Magnesium (mg) | B6: ='Electrolyte Products'!L5*B$2 -> 24 | C6: ='Electrolyte Products'!E5*C$2 -> 0 | D6: ='Electrolyte Products'!C5*$D$2 -> 22 | E6: =SUM(B6:D6) -> 46 | F6: ='Houston 2017 Summer Workout Sum'!G5*'Houston 2017 Summer Workout Sum'!$B$1 -> 11.525605 | G6: =F6-E6 -> -34.474395
A7: Calories (g) | B7: ='Electrolyte Products'!L6*B$2 -> 810 | C7: ='Electrolyte Products'!E6*C$2 -> 0 | D7: ='Electrolyte Products'!C6*$D$2 -> 0 | E7: =SUM(B7:D7) -> 810 | F7: ='Houston 2017 Summer Workout Sum'!C5*0.2 -> 154.19817 | G7: =F7-E7 -> -655.80183
A8: Carbs | B8: ='Electrolyte Products'!L7*B$2 -> 162 | C8: ='Electrolyte Products'!E7*C$2 -> 0 | D8: ='Electrolyte Products'!C7*$D$2 -> 0 | E8: =SUM(B8:D8) -> 162 | F8: ='Houston 2017 Summer Workout Sum'!D10*0.5 -> 0
A9: $ | B9: =B2*'Electrolyte Products'!$L$10 -> 2.8125 | C9: =C2*'Electrolyte Products'!$E$10 -> 0 | D9: =D2*'Electrolyte Products'!$C$10 -> 0.6 | E9: =SUM(B9:D9) -> 3.4125
A11: Run | B11: Hammer Perpetuem | C11: Salted Caramel Gu | D11: Saltstick | E11: Total | F11: Recommended Intake (Run_Brick) | G11: Deficiency
A12: #Servings | B12: 3 | C12: 0 | D12: 3
A13: Sodium (mg) | B13: ='Electrolyte Products'!L2*B$12 -> 630 | C13: ='Electrolyte Products'!E2*C$12 -> 0 | D13: ='Electrolyte Products'!C2*D$12 -> 645 | E13: =SUM(B13:D13) -> 1275 | F13: ='Houston 2017 Summer Workout Sum'!D8*'Houston 2017 Summer Workout Sum'!$B$1 -> #DIV/0! | G13: =F13-E13 -> #DIV/0!
A14: Potassium (mg) | B14: ='Electrolyte Products'!L3*B$12 -> 0 | C14: ='Electrolyte Products'!E3*C$12 -> 0 | D14: ='Electrolyte Products'!C3*D$12 -> 189 | E14: =SUM(B14:D14) -> 189 | F14: ='Houston 2017 Summer Workout Sum'!E8*'Houston 2017 Summer Workout Sum'!$B$1 -> #DIV/0! | G14: =F14-E14 -> #DIV/0!
A15: Calcium (mg) | B15: ='Electrolyte Products'!L4*B$12 -> 120 | C15: ='Electrolyte Products'!E4*C$12 -> 0 | D15: ='Electrolyte Products'!C4*D$12 -> 66 | E15: =SUM(B15:D15) -> 186 | F15: ='Houston 2017 Summer Workout Sum'!F8*'Houston 2017 Summer Workout Sum'!$B$1 -> #DIV/0! | G15: =F15-E15 -> #DIV/0!
A16: Magnesium (mg) | B16: ='Electrolyte Products'!L5*B$12 -> 24 | C16: ='Electrolyte Products'!E5*C$12 -> 0 | D16: ='Electrolyte Products'!C5*D$12 -> 33 | E16: =SUM(B16:D16) -> 57 | F16: ='Houston 2017 Summer Workout Sum'!G8*'Houston 2017 Summer Workout Sum'!$B$1 -> #DIV/0! | G16: =F16-E16 -> #DIV/0!
A17: Calories (g) | B17: ='Electrolyte Products'!L6*B$12 -> 810 | C17: ='Electrolyte Products'!E6*C$12 -> 0 | D17: ='Electrolyte Products'!C6*D$12 -> 0 | E17: =SUM(B17:D17) -> 810 | F17: ='Houston 2017 Summer Workout Sum'!C8*0.2 -> #DIV/0! | G17: =F17-E17 -> #DIV/0!
A18: Carbs | B18: ='Electrolyte Products'!L7*B$12 -> 162 | C18: ='Electrolyte Products'!E7*C$12 -> 0 | D18: ='Electrolyte Products'!C7*D$12 -> 0 | E18: =SUM(B18:D18) -> 162
A19: $ | B19: =B12*'Electrolyte Products'!$L$10 -> 2.8125 | C19: =C12*'Electrolyte Products'!$E$10 -> 0 | D19: =D12*'Electrolyte Products'!$C$10 -> 0.9 | E19: =SUM(B19:D19) -> 3.7125

Sheet Electrolyte Products
A1: per serving | B1: Metasalt | C1: Saltstick | D1: Hammer Endurolytes | E1: Gu (salted caramel & salted watermelon) | F1: Gu (others) | G1: Scratch (1/2 scoop = 1 serving) | H1: Scratch (single serving 24g) | I1: Tailwind (27g serving) | J1: Gatorade Endurance Formula (24g) | K1: Osmo Hydration | L1: Hammer Perpetuem | M1: Hammer Endurolyte Fizz Tablets | N1: UCAN Superstarch | O1: Coca-Cola (12oz can)
A2: Sodium (mg) | B2: 330 | C2: 215 | D2: 80 | E2: 125 | F2: 55 | G2: 180 | H2: 360 | I2: 303 | J2: 290 | K2: 160 | L2: 210 | M2: 200 | N2: 130
A3: Potassium (mg) | B3: 85.2 | C3: 63 | D3: 50 | E3: 40 | F3: 40 | G3: 20 | H3: 40 | I3: 88 | J3: 140 | K3: 50 | M3: 100 | N3: 105
A4: Calcium (mg) | B4: 25.2 | C4: 22 | D4: 100 | E4: 22 | F4: 22 | G4: 20 | H4: 60 | I4: 26 | J4: 20 | K4: 40 | L4: 40 | M4: 100
A5: Magnesium (mg) | B5: 12 | C5: 11 | D5: 50 | G5: =400*0.06 -> 24 | H5: 40 | I5: 14 | K5: =400*0.02 -> 8 | L5: 8 | M5: 50
A6: Calories | E6: 100 | F6: 100 | G6: 21 | H6: 80 | I6: 100 | J6: 20 | K6: 35 | L6: 270 | M6: 10 | N6: 80 | O6: 140
A7: Carbs (g) | G7: 10 | H7: 20 | I7: 25 | J7: 21 | L7: 54 | N7: 21 | O7: 36
A8: # Servings per container | B8: 50 | C8: 100 | E8: 24 | F8: 24 | G8: 38 | H8: 1 | I8: 25 | J8: 38 | K8: 40 | L8: 32 | M8: 13 | N8: 30
A9: $ | B9: 25 | C9: 30 | E9: 25 | F9: 25 | G9: 20 | H9: 1.99 | I9: 22 | J9: 20 | K9: 20 | L9: 30 | M9: 5 | N9: 63
A10: $/serving | B10: =B9/B8 -> 0.5 | C10: =C9/C8 -> 0.3 | E10: =E9/E8 -> 1.0416667 | F10: =F9/F8 -> 1.0416667 | G10: =G9/G8 -> 0.52631579 | H10: =H9/H8 -> 1.99 | I10: =I9/I8 -> 0.88 | J10: =J9/J8 -> 0.52631579 | K10: =K9/K8 -> 0.5 | L10: =L9/L8 -> 0.9375 | ... O10: =O9/O8 -> #DIV/0!
